Disaster_Type,Severity,Location,Affected_Population,Request_Food,Request_Water,Request_Medical,Request_Shelter,Food_kg,Water_L,Medical_Kits,Tents
Cyclone,Extreme,Jakarta,966,1,1,1,0,4726,6278,167,126
Landslide,Medium,Izmir,2933,1,1,1,1,1484,5255,393,31
Cyclone,High,San Francisco,2547,0,1,0,0,3047,889,766,60
Landslide,High,Bangkok,3388,1,1,1,1,2735,8213,644,139
Fire,Extreme,Izmir,4514,1,1,1,1,334,3852,641,113
Earthquake,Severe,Kolkata,2000,1,1,1,1,461,4997,349,104
Fire,Low,Izmir,837,1,1,1,1,1178,5587,296,133
Landslide,Low,Delhi,3068,0,1,0,0,2327,3395,551,72
Cyclone,High,Mumbai,4974,1,1,0,1,3861,6884,107,144
Landslide,High,Izmir,3273,0,0,1,0,1870,5756,818,110
Landslide,Medium,Bangkok,4993,1,0,1,1,1170,7638,472,24
Flood,Severe,Hyderabad,2257,0,0,1,1,1978,3942,620,45
Cyclone,Severe,Kathmandu,3229,0,1,0,0,1897,3393,875,37
Cyclone,Medium,Bangkok,3802,1,1,1,1,2537,8092,464,130
Landslide,Low,Chennai,1209,1,0,1,1,4713,4448,304,60
Flood,Severe,Mumbai,2353,1,1,0,0,4959,1991,589,48
Flood,Low,Mumbai,4597,0,1,0,1,1154,8864,815,138
Fire,Medium,Kolkata,5431,1,0,1,1,3810,902,263,132
Landslide,Severe,Kathmandu,697,1,0,0,0,2230,6987,688,133
Fire,Severe,Hyderabad,1869,1,0,1,1,2286,3611,790,61
Flood,High,Delhi,4561,0,0,0,1,3669,962,843,99
Flood,Severe,Jakarta,3608,1,1,1,1,4390,7858,88,108
Flood,Severe,Mumbai,1945,1,1,1,0,4499,3257,552,108
Earthquake,Medium,Kolkata,3734,0,0,0,1,4091,1656,760,77
Fire,High,Mumbai,5235,0,0,1,0,3404,5255,962,128
Landslide,High,Kolkata,3854,1,0,1,0,525,5593,688,37
Fire,Extreme,Chennai,5142,1,1,1,0,3420,8379,96,55
Flood,Extreme,Izmir,3920,1,0,0,0,601,1306,178,125
Flood,High,Kathmandu,2316,0,1,1,1,869,6142,951,33
Earthquake,High,San Francisco,1909,1,1,0,0,4357,1484,183,146
Earthquake,Medium,Chennai,2341,1,0,1,1,2755,7671,585,144
Flood,Severe,Chennai,1666,0,0,1,0,3074,1553,130,72
Earthquake,Low,Hyderabad,5277,0,0,1,1,4154,3191,692,17
Fire,Extreme,Hyderabad,4642,0,1,0,0,4664,5165,715,115
Cyclone,Severe,San Francisco,1869,0,1,0,1,1040,6649,870,136
Earthquake,Medium,Mumbai,3349,0,1,0,0,859,4372,567,126
Landslide,Extreme,Bangkok,3647,0,1,0,0,4549,2379,514,95
Landslide,Low,Hyderabad,5048,0,0,0,1,3259,7317,511,94
Landslide,Medium,San Francisco,3349,1,1,1,0,3551,8090,985,105
Fire,Medium,Mumbai,1395,0,1,0,0,3846,1551,743,149
Landslide,High,Jakarta,5887,0,1,0,1,4213,1766,635,38
Earthquake,Extreme,Chennai,1253,1,0,0,0,2382,7448,681,124
Earthquake,Extreme,Izmir,1228,0,0,0,1,3648,7864,840,147
Cyclone,Severe,Kathmandu,5604,0,1,0,0,2443,7506,269,46
Flood,High,Delhi,5892,1,1,1,1,4252,1428,421,28
Cyclone,Severe,Delhi,3002,0,1,0,0,2119,1417,814,137
Landslide,Extreme,Chennai,4991,1,1,1,1,3238,6288,563,62
Landslide,Extreme,San Francisco,5805,1,1,1,0,3282,7241,302,131
Cyclone,High,Kathmandu,5346,0,1,0,0,1253,3239,992,16
Earthquake,High,San Francisco,1717,0,0,1,1,1840,6872,244,92
Fire,Low,Bangkok,4812,1,1,1,1,1624,3841,331,28
Cyclone,Medium,San Francisco,4102,0,0,1,0,4434,4968,732,135
Flood,Low,Chennai,2496,0,1,1,0,4585,1204,270,122
Landslide,Medium,Jakarta,4675,0,0,1,0,3233,6048,755,29
Flood,Low,Jakarta,4137,0,0,0,1,3630,3403,550,21
Fire,Extreme,Izmir,1645,1,0,1,0,4485,4419,777,69
Fire,High,Kolkata,5820,0,1,1,0,2808,3479,831,55
Cyclone,Extreme,Delhi,509,0,1,1,1,3171,8109,330,118
Flood,Medium,Mumbai,5448,0,0,0,1,4458,4625,906,36
Flood,High,Mumbai,904,0,0,1,0,4913,2700,788,104
Landslide,Extreme,Jakarta,5309,0,0,0,1,4478,7945,536,119
Fire,Low,Mumbai,5083,0,1,0,0,2123,4119,174,81
Cyclone,High,Kathmandu,4863,1,0,1,1,2284,1777,315,142
Flood,Extreme,Jakarta,4481,1,0,0,1,4973,5230,182,47
Cyclone,High,Kathmandu,1831,1,0,1,0,4644,4961,560,88
Cyclone,Low,Jakarta,5392,1,1,1,1,437,7027,480,83
Landslide,Medium,Chennai,1260,0,0,1,0,3745,6731,599,141
Cyclone,High,Kathmandu,4656,1,1,1,1,3422,8270,868,14
Landslide,Low,Jakarta,1023,1,0,1,0,2693,3293,157,54
Flood,High,Mumbai,5645,0,1,1,1,2355,1976,771,56
Earthquake,Severe,Bangkok,2625,1,1,1,0,3587,1064,745,23
Cyclone,High,Kathmandu,2406,1,1,1,0,3386,8852,710,37
Earthquake,Severe,Delhi,4096,0,1,0,1,3583,6868,659,147
Fire,Medium,Izmir,4507,0,1,1,1,2772,3439,361,73
Landslide,Low,Mumbai,1960,1,1,0,0,3009,2433,661,121
Flood,High,Chennai,3090,1,1,1,1,1363,5024,627,15
Flood,High,Delhi,4789,1,1,0,0,1146,7016,379,142
Cyclone,Severe,Mumbai,5127,1,0,1,0,4508,6983,638,10
Cyclone,Severe,Chennai,4244,1,0,1,0,1201,709,340,147
Earthquake,Severe,Mumbai,1842,1,1,1,1,2676,3532,856,47
Flood,Extreme,Kathmandu,4929,1,1,0,1,2208,4230,216,85
Fire,Extreme,Izmir,4350,1,1,0,1,1172,7113,907,39
Cyclone,High,San Francisco,3121,0,1,1,1,4527,1300,828,51
Cyclone,Extreme,Kolkata,5642,1,0,0,0,4970,2890,744,62
Cyclone,High,Bangkok,1702,1,1,1,1,2335,1622,499,47
Cyclone,Low,Hyderabad,3145,0,1,0,0,2157,5312,714,83
Fire,Extreme,Izmir,3728,0,0,1,0,4019,3071,923,139
Fire,Severe,San Francisco,2334,1,1,0,1,2416,6479,90,83
Earthquake,High,San Francisco,2688,1,1,1,1,3305,1684,702,113
Landslide,Medium,Mumbai,1103,1,1,1,1,3749,6724,130,38
Cyclone,Low,Jakarta,3976,0,1,1,0,3717,2345,499,66
Cyclone,Extreme,Delhi,1832,0,0,0,1,501,4207,392,126
Fire,Low,San Francisco,2622,0,1,0,1,685,8770,289,100
Fire,High,Chennai,1705,0,1,0,0,4420,2690,259,97
Cyclone,Medium,Kathmandu,3620,0,1,0,0,1266,5644,163,114
Fire,Extreme,Izmir,4922,1,0,0,0,2092,2459,220,132
Landslide,Low,Izmir,2565,1,1,1,1,1068,6190,254,122
Fire,Low,Izmir,4650,1,0,1,0,1781,7005,459,96
Landslide,Low,Delhi,3306,1,1,1,0,2790,7921,840,76
Earthquake,High,Izmir,1811,0,1,1,1,3491,3238,991,64
Flood,Extreme,Chennai,4195,1,1,1,1,3752,2008,779,91
Fire,High,San Francisco,1909,0,1,0,1,4866,5191,611,14
Earthquake,Extreme,Chennai,4077,0,0,1,0,3201,2087,359,90
Flood,Medium,Chennai,3780,1,0,0,1,2873,3299,316,34
Cyclone,Severe,San Francisco,941,0,1,1,1,2376,774,917,137
Earthquake,Low,Jakarta,5997,0,0,1,0,4983,2322,708,115
Cyclone,Medium,Delhi,954,0,1,0,1,3253,3669,555,131
Cyclone,Low,Chennai,5288,1,0,1,0,3663,6190,873,38
Fire,Low,Bangkok,1750,1,0,0,0,1633,4850,702,78
Fire,High,Chennai,4420,1,1,1,1,4760,6822,561,82
Flood,Extreme,Izmir,4620,0,1,0,0,4526,1952,187,111
Fire,High,Mumbai,3504,1,1,0,0,629,4340,902,56
Landslide,Low,Bangkok,2921,1,1,1,1,1009,6019,616,98
Flood,Extreme,San Francisco,546,1,1,1,1,3659,5573,95,35
Landslide,Low,Chennai,2021,0,0,1,0,1126,2200,673,125
Earthquake,Low,Izmir,3167,1,1,0,1,430,3683,262,117
Landslide,Low,Kathmandu,4611,1,1,0,1,792,3941,625,22
Fire,Extreme,Mumbai,5072,0,0,0,1,4713,971,519,130
Fire,Extreme,Mumbai,4260,0,0,1,1,2350,1865,455,77
Flood,Extreme,Delhi,4994,0,0,1,1,1263,2528,140,133
Cyclone,Extreme,Kathmandu,5367,1,1,0,0,1184,4264,445,83
Flood,Low,San Francisco,4345,1,0,1,1,2096,8945,126,18
Landslide,High,San Francisco,2966,1,1,1,0,3037,8012,295,12
Landslide,Low,Delhi,5175,1,1,1,1,2233,2080,689,20
Fire,Extreme,Delhi,1718,0,1,0,0,1655,1654,305,133
Earthquake,Medium,Kolkata,536,1,0,1,1,3687,3720,875,90
Landslide,High,San Francisco,5942,0,1,1,0,1891,6883,938,42
Fire,Low,Delhi,862,1,1,0,0,2904,4986,746,16
Flood,High,Bangkok,5021,0,0,0,1,3019,7206,516,48
Landslide,Extreme,Bangkok,2485,1,0,1,1,3417,1836,312,26
Landslide,High,Kolkata,3014,1,1,1,1,3826,6052,303,72
Landslide,Extreme,Kolkata,5815,1,1,1,1,2187,1965,403,26
Flood,Medium,Izmir,2853,1,1,1,1,986,5511,755,134
Flood,High,San Francisco,4109,1,1,1,1,3853,4056,595,108
Landslide,Extreme,Hyderabad,2323,0,1,0,0,3501,3855,101,36
Fire,Extreme,Jakarta,5464,0,1,1,1,4326,4879,853,140
Earthquake,Extreme,Chennai,2355,0,1,1,1,3356,1491,603,27
Fire,Low,Mumbai,4176,1,1,1,0,3680,1750,765,59
Fire,Extreme,Izmir,4399,1,1,1,1,4773,3646,995,55
Flood,Severe,Hyderabad,2263,0,1,1,1,820,6497,910,126
Landslide,Low,Izmir,4360,1,1,0,0,573,2089,574,104
Flood,Low,Kolkata,3996,1,1,0,0,1078,913,770,97
Fire,Severe,Mumbai,1213,0,0,1,0,1235,6747,321,106
Landslide,Low,Hyderabad,1417,0,1,1,0,3474,7714,169,131
Fire,Low,Izmir,816,1,0,0,1,934,2625,88,15
Flood,Medium,Izmir,4411,1,0,0,0,2013,4089,163,71
Cyclone,Severe,Hyderabad,3961,1,1,0,1,3685,721,489,136
Earthquake,High,Kathmandu,2634,1,1,0,1,3895,2260,380,131
Landslide,Extreme,Bangkok,2856,1,1,0,1,2635,1006,891,91
Landslide,Low,Chennai,3471,1,0,0,1,1054,6936,286,106
Landslide,Medium,Izmir,903,1,1,1,0,4911,4153,611,59
Earthquake,Extreme,Kathmandu,4311,0,0,0,1,2925,2094,265,134
Landslide,Low,Chennai,5389,1,1,1,1,3891,7595,557,96
Earthquake,Extreme,Jakarta,4505,1,0,1,0,3352,5348,397,69
Flood,Severe,Kathmandu,4314,1,0,0,0,3516,8919,145,14
Cyclone,Medium,Chennai,1129,0,1,1,1,569,6424,857,85
Fire,High,Mumbai,2860,0,1,1,0,875,7729,363,130
Fire,Extreme,Mumbai,4068,0,1,1,1,1955,2903,446,143
Earthquake,Medium,Delhi,1816,1,1,1,1,1343,981,876,10
Landslide,High,Jakarta,5780,1,1,0,1,1308,1929,91,29
Earthquake,Low,Kathmandu,4368,0,0,0,1,1508,6042,263,47
Fire,Medium,San Francisco,1391,1,1,1,1,4770,7875,420,138
Landslide,Medium,Mumbai,5738,1,1,1,0,2774,6789,493,123
Flood,Severe,Izmir,4940,0,0,1,1,3372,3824,383,78
Earthquake,Medium,Kolkata,1074,1,0,0,0,3532,8548,168,22
Flood,High,Hyderabad,4181,0,1,0,0,3473,2367,693,28
Flood,High,Mumbai,1867,1,0,1,0,1121,1154,680,74
Landslide,High,Delhi,1940,1,1,1,1,4700,6759,181,20
Earthquake,Medium,Delhi,1526,1,1,1,0,4165,7171,895,126
Landslide,Medium,Jakarta,3522,0,0,1,0,3671,8934,422,79
Landslide,Extreme,Bangkok,1514,1,0,0,1,4731,5943,478,34
Fire,Extreme,Kolkata,5382,1,1,1,1,1263,7851,452,61
Fire,High,Izmir,605,0,1,0,1,1981,7487,169,98
Fire,Medium,Bangkok,4154,1,1,0,0,2659,8805,524,51
Flood,Severe,Izmir,2208,1,1,1,1,3238,6984,966,127
Flood,Medium,Izmir,2925,0,0,1,0,1960,6995,799,58
Earthquake,High,Hyderabad,3773,0,1,0,1,445,5710,755,78
Earthquake,Low,Bangkok,1161,0,1,1,1,3803,3552,734,20
Landslide,Low,Delhi,1269,0,0,1,1,1643,5058,676,76
Flood,Low,Bangkok,3851,0,0,1,1,2649,6399,297,111
Fire,Extreme,Mumbai,572,1,1,0,0,2214,5889,504,22
Landslide,Severe,Jakarta,3323,1,0,0,0,2035,8958,891,134
Earthquake,Severe,Kathmandu,3161,1,0,0,1,1532,4574,433,39
Earthquake,Severe,Jakarta,2368,1,1,1,1,2634,4074,390,115
Fire,Low,Izmir,3062,0,0,1,1,1979,936,358,101
Fire,Severe,Mumbai,785,1,1,1,0,448,4737,485,41
Earthquake,Extreme,Hyderabad,5076,0,0,0,1,1901,3108,420,11
Cyclone,High,Hyderabad,2225,0,1,1,1,1989,3967,545,64
Fire,Extreme,Hyderabad,5085,1,0,0,1,4407,1260,121,91
Earthquake,High,Bangkok,5543,1,0,0,0,372,8542,657,100
Fire,Medium,San Francisco,2485,1,0,0,1,1092,4959,174,23
Landslide,Severe,Chennai,3030,1,0,0,0,2260,7745,104,126
Fire,Low,Hyderabad,4723,0,1,1,0,3979,1545,611,69
Earthquake,Severe,Bangkok,2453,1,0,1,1,4150,1389,332,65
Flood,High,Jakarta,5948,0,1,1,1,1479,7106,159,106
Flood,Extreme,Bangkok,1903,1,1,1,1,1119,3992,899,133
Landslide,Severe,Chennai,2639,1,0,0,1,3329,2249,534,95
Cyclone,Extreme,Kolkata,5337,1,0,0,0,3008,7493,550,67
Landslide,Extreme,San Francisco,741,1,1,1,1,2685,4968,751,148
Earthquake,Severe,Kathmandu,5219,0,1,1,1,4135,1293,823,51
Flood,Low,Izmir,892,0,0,0,1,724,6972,209,69
Earthquake,Medium,Izmir,1288,1,1,1,1,1014,1475,805,88
Landslide,High,Jakarta,2648,1,0,0,0,1331,5640,279,96
Cyclone,Low,Jakarta,647,0,1,1,1,4627,1065,307,148
Cyclone,Severe,Chennai,4062,1,1,1,1,2789,7193,431,17
Fire,Low,Izmir,4339,1,1,1,1,659,3076,542,58
Flood,Low,San Francisco,4714,1,1,1,1,4585,7610,449,19
Earthquake,Extreme,Jakarta,4483,1,0,0,0,1611,1221,862,26
Flood,High,San Francisco,4197,1,1,1,1,3137,3161,804,41
Landslide,High,San Francisco,2067,1,0,1,1,338,5575,312,27
Fire,High,Kolkata,1161,0,0,1,0,4630,7703,876,22
Fire,High,Kathmandu,4178,0,0,1,1,1786,4782,486,97
Landslide,Extreme,Mumbai,3243,1,1,1,1,814,2353,98,32
Flood,Extreme,Izmir,861,1,0,0,0,4027,6972,955,14
Earthquake,Medium,Delhi,3581,0,1,1,1,1728,4667,381,75
Fire,Severe,Kolkata,2781,0,1,0,0,2949,3783,288,23
Fire,High,Chennai,5610,0,0,0,1,4195,8078,180,141
Cyclone,Medium,Jakarta,5417,0,1,1,1,2323,5666,484,47
Fire,Low,Bangkok,3130,0,1,1,0,2863,3992,605,12
Fire,Severe,Izmir,3313,1,1,1,1,2883,861,749,91
Cyclone,Extreme,San Francisco,5593,1,1,0,1,3274,1567,783,28
Flood,Low,Kathmandu,1330,1,1,1,1,1951,1836,842,56
Flood,Low,Kolkata,1783,0,1,1,1,959,2710,478,56
Flood,Medium,Jakarta,999,1,1,0,0,437,2797,850,116
Landslide,Low,Chennai,4486,1,0,0,0,1749,5717,660,102
Earthquake,Extreme,Hyderabad,2125,1,1,1,1,3631,8162,720,33
Fire,Severe,Delhi,2119,0,0,1,0,4943,7568,487,117
Cyclone,Severe,Izmir,1405,1,0,1,0,3771,2714,697,79
Cyclone,Severe,Kathmandu,2797,1,1,1,1,1174,6260,612,16
Cyclone,Severe,Izmir,4226,1,1,0,0,1243,7042,996,129
Earthquake,Extreme,Kathmandu,4152,1,1,1,1,3970,2453,384,124
Flood,Low,Kathmandu,5224,0,1,0,0,1194,7333,406,95
Landslide,Extreme,Kathmandu,2590,0,1,1,1,3969,5324,689,107
Earthquake,Low,Kathmandu,597,0,0,0,1,3515,4450,165,85
Cyclone,Medium,Chennai,2227,1,1,1,1,2590,2554,640,41
Fire,Severe,Kolkata,3291,0,1,1,1,2049,1481,460,67
Earthquake,Low,Izmir,5873,1,1,1,1,4270,7964,633,15
Cyclone,Medium,Chennai,4902,1,1,1,0,2851,7111,665,17
Landslide,Extreme,Izmir,5500,1,1,1,1,4954,8778,317,113
Earthquake,High,Chennai,782,1,0,1,0,2198,4835,565,138
Fire,High,Jakarta,2807,1,1,1,0,3313,7209,837,28
Flood,Extreme,Bangkok,5608,1,1,1,1,3904,1369,348,13
Cyclone,High,Jakarta,2060,1,1,1,1,2700,4564,995,135
Fire,Extreme,Delhi,1895,0,1,0,1,3857,1345,290,69
Fire,Severe,Delhi,3272,1,1,1,1,1454,1287,555,39
Earthquake,Low,Jakarta,2198,0,1,1,0,2015,7150,417,67
Flood,Extreme,Chennai,4884,0,1,1,1,1023,6749,145,56
Fire,Low,Izmir,4330,1,0,1,1,1154,7359,521,56
Cyclone,Low,Jakarta,1448,1,1,0,0,3673,8879,733,48
Earthquake,High,Mumbai,5241,0,1,0,0,2754,4374,433,129
Landslide,High,Chennai,4417,1,0,1,0,895,1123,935,23
Flood,High,Chennai,3446,1,0,0,1,1749,6094,792,37
Flood,High,Bangkok,5228,1,1,1,1,1831,3690,477,129
Flood,Low,Mumbai,3947,0,1,1,0,2062,740,787,77
Landslide,Low,Izmir,3698,1,1,1,1,2824,3179,749,21
Landslide,Extreme,Jakarta,5923,1,1,0,1,1599,8551,280,146
Flood,Extreme,Bangkok,1947,1,1,1,1,2679,7281,667,56
Fire,Extreme,Kolkata,2073,0,1,1,1,4900,4440,258,141
Landslide,High,Kolkata,693,1,1,0,1,2307,1885,426,114
Flood,Medium,Mumbai,5375,1,0,0,0,4657,5078,727,133
Landslide,Low,Chennai,641,0,1,1,0,1755,7592,931,65
Flood,Low,Izmir,5150,0,0,1,0,4799,5687,944,99
Earthquake,High,Kolkata,2929,0,1,1,1,2100,6163,628,58
Cyclone,Low,Bangkok,4992,0,1,0,0,1817,5702,412,136
Fire,High,Izmir,5051,0,1,1,0,3304,6832,188,21
Earthquake,Severe,San Francisco,5115,0,1,0,0,473,4441,510,93
Flood,Severe,Kathmandu,2274,1,0,1,0,2759,1635,163,122
Flood,Medium,Delhi,701,0,0,1,0,2797,2542,922,19
Flood,Low,Bangkok,1270,1,0,0,1,3455,2328,757,140
Flood,Severe,Chennai,2782,1,1,1,1,2156,8680,436,71
Flood,Severe,Jakarta,1630,0,1,0,0,2958,4200,454,82
Fire,Severe,Kathmandu,2323,1,0,0,0,1774,2942,235,88
Cyclone,Medium,Delhi,1641,1,0,0,0,1935,4700,999,43
Fire,Extreme,Izmir,5428,1,1,1,1,3564,3306,227,28
Cyclone,High,Mumbai,3428,1,0,0,0,2129,7168,471,125
Fire,Low,Kathmandu,1899,1,1,1,1,3715,1142,658,84
Cyclone,High,San Francisco,4134,0,0,1,0,2141,3009,906,134
Landslide,Medium,Jakarta,623,0,1,1,1,3458,7489,787,27
Landslide,High,Hyderabad,2436,1,1,1,1,2456,4507,357,77
Landslide,Medium,Kolkata,5416,0,1,0,0,2690,1646,978,51
Earthquake,Low,Jakarta,3489,0,1,1,0,682,838,438,77
Landslide,High,Kathmandu,2686,0,1,1,1,3470,4535,929,113
Landslide,Extreme,Izmir,1807,0,0,1,1,956,3360,243,127
Earthquake,High,Kolkata,2208,1,1,0,1,3930,3911,325,148
Fire,Low,San Francisco,1382,1,1,1,0,2494,5461,383,117
Earthquake,Severe,Kolkata,2110,1,1,1,1,3788,8825,295,91
Fire,Extreme,Chennai,3619,1,1,1,1,2858,2563,195,90
Cyclone,High,Jakarta,5632,0,0,1,0,1242,8361,780,40
Landslide,High,Chennai,4137,1,1,1,0,3253,6629,399,135
Cyclone,Low,Chennai,4614,0,0,1,0,2611,3541,192,80
Fire,Low,Jakarta,3458,1,1,0,0,4536,8768,267,137
Cyclone,Medium,Izmir,4106,0,0,0,1,3636,5597,463,13
Cyclone,High,Kathmandu,2592,1,0,0,1,3944,2830,202,111
Earthquake,Medium,Kolkata,5045,1,1,1,1,1797,3255,369,48
Cyclone,Extreme,Bangkok,2088,1,1,1,0,4178,3068,992,22
Flood,Low,Kolkata,2884,0,1,0,0,482,7890,623,83
Fire,Medium,Kathmandu,1511,1,0,1,0,352,7546,339,68
Earthquake,Medium,Izmir,4949,1,1,1,0,1564,7861,940,27
Earthquake,Low,Kolkata,1388,1,1,1,1,967,8518,712,74
Earthquake,Severe,Hyderabad,1318,1,1,0,1,2488,2924,277,121
Flood,Medium,Bangkok,2448,1,1,1,1,4199,7794,985,32
Landslide,Low,Izmir,1022,0,1,0,0,3823,5588,685,30
Landslide,Medium,Mumbai,1624,1,1,1,1,2887,6372,434,56
Fire,Low,Bangkok,4572,1,1,1,1,2557,5124,245,63
Landslide,Extreme,Kathmandu,4476,1,1,1,1,2051,8130,883,27
Fire,Extreme,Izmir,5417,1,1,1,0,1761,5884,435,30
Flood,Low,Kolkata,2601,1,1,1,1,1973,7408,123,56
Landslide,Medium,Kolkata,4993,0,0,1,0,974,8788,466,120
Landslide,High,Delhi,1239,0,0,1,1,1701,3959,937,74
Fire,Medium,Kolkata,4264,1,1,1,1,2522,3492,753,143
Flood,Medium,Bangkok,3303,1,1,1,0,4196,4409,91,25
Landslide,Severe,Chennai,5052,1,1,1,1,2507,5126,855,54
Flood,Extreme,Kathmandu,5845,1,1,0,0,3576,1802,203,13
Landslide,Severe,Kathmandu,3902,0,1,1,0,4171,7383,357,26
Flood,Medium,Delhi,960,1,0,1,1,4064,7299,439,77
Flood,Low,Hyderabad,3673,1,1,0,1,515,8305,779,66
Earthquake,Medium,Mumbai,2552,1,1,0,1,2595,6385,752,24
Landslide,Medium,San Francisco,2849,1,1,1,1,2232,2457,82,15
Fire,Low,Mumbai,4323,0,1,0,0,2680,5658,747,79
Cyclone,Medium,Delhi,5951,1,0,0,0,656,7886,390,111
Fire,Severe,Chennai,1296,1,0,1,0,3942,1996,698,52
Landslide,Medium,Izmir,3025,1,0,0,0,3723,7676,506,48
Landslide,Severe,Delhi,2968,1,0,0,0,3919,2336,591,113
Landslide,High,Delhi,4944,1,1,0,0,4247,2376,252,19
Cyclone,Medium,Chennai,2676,1,1,1,1,4043,5122,832,76
Cyclone,High,Mumbai,3930,1,1,1,1,3974,4629,797,26
Landslide,High,Kathmandu,3508,0,1,1,0,2461,4399,934,19
Landslide,Medium,Mumbai,2901,1,1,0,1,2072,3480,659,148
Fire,Medium,Chennai,2950,1,1,1,1,1432,1399,278,56
Landslide,Extreme,Hyderabad,3338,1,1,0,1,1173,8975,478,125
Cyclone,Severe,Delhi,5070,0,0,1,0,570,3168,976,120
Fire,Medium,Izmir,3083,1,1,1,1,4373,3775,914,43
Fire,Extreme,Jakarta,5458,0,1,0,0,553,4976,909,66
Landslide,Low,San Francisco,3227,0,0,0,1,3456,5007,594,137
Fire,Severe,Kolkata,4582,1,0,1,1,4815,3940,988,96
Landslide,Low,Chennai,705,1,0,1,0,4891,4150,126,127
Landslide,Low,Bangkok,2322,1,1,1,1,3573,5238,241,18
Flood,Low,Hyderabad,5730,1,0,0,0,452,6454,996,110
Flood,High,Hyderabad,1604,0,1,1,0,2836,8061,183,24
Flood,Medium,Bangkok,1008,1,1,1,1,1961,4364,497,82
Fire,Extreme,Chennai,3908,1,0,0,0,860,2603,254,118
Cyclone,Medium,Hyderabad,2067,1,1,1,0,1451,8319,993,122
Earthquake,Low,Kathmandu,5296,1,1,0,1,3686,3672,930,143
Cyclone,Extreme,Mumbai,1976,0,0,1,0,3707,1089,604,73
Cyclone,High,San Francisco,4231,1,1,0,0,751,3793,962,66
Cyclone,Medium,Bangkok,5190,1,0,0,0,3550,5295,543,81
Landslide,High,Jakarta,639,1,1,1,1,1724,3649,176,14
Cyclone,Low,Kathmandu,4451,0,0,1,0,3860,718,805,132
Fire,Low,Hyderabad,4265,1,0,0,1,2738,7058,482,137
Earthquake,Medium,Delhi,5164,0,1,1,0,1715,7061,653,26
Fire,Low,Jakarta,4045,1,0,1,0,4820,4502,768,80
Flood,High,Kathmandu,3133,1,1,0,1,4417,2218,309,29
Fire,High,Hyderabad,4054,0,1,1,1,2714,3549,997,76
Flood,Low,Kolkata,5340,1,1,0,0,4495,5878,587,11
Earthquake,Low,San Francisco,5416,0,1,0,0,3294,1971,869,109
Fire,Low,Mumbai,4896,0,0,1,1,1391,1516,216,92
Earthquake,Low,San Francisco,869,0,0,0,1,2118,2801,769,94
Fire,Extreme,Delhi,3462,0,1,1,1,1159,4838,456,50
Flood,Extreme,Bangkok,1634,0,0,1,1,3084,6836,445,78
Cyclone,Extreme,Kathmandu,3510,1,1,1,0,4201,2037,240,84
Earthquake,Medium,Kolkata,3186,1,1,1,1,4670,5983,522,72
Earthquake,Low,Bangkok,2411,0,0,1,0,902,1390,573,82
Flood,Severe,Mumbai,2217,0,0,0,1,2896,5444,929,65
Earthquake,High,Kolkata,2541,0,1,1,1,979,6438,628,88
Cyclone,Medium,Delhi,5824,1,1,1,1,4651,4344,954,63
Cyclone,Medium,Delhi,2137,1,1,1,1,1224,1344,793,101
Landslide,Severe,Chennai,1302,0,0,0,1,4464,895,219,36
Landslide,Extreme,San Francisco,4427,1,1,1,1,2891,6821,256,115
Landslide,Extreme,Delhi,1529,0,1,0,1,2456,3294,118,127
Fire,High,Delhi,3442,0,0,0,1,3073,2400,678,55
Flood,Extreme,Kathmandu,984,1,1,1,1,945,5457,837,42
Earthquake,High,San Francisco,2173,0,0,1,1,3367,7878,285,56
Fire,High,Delhi,3860,1,1,0,0,3305,4252,98,83
Landslide,Medium,Kathmandu,4736,1,1,1,1,2220,4888,318,57
Earthquake,Low,Bangkok,5888,0,1,0,0,1648,5826,393,58
Flood,High,Delhi,750,0,1,1,1,2088,8074,620,126
Flood,Severe,Delhi,3179,1,1,1,0,2147,4604,172,95
Cyclone,Low,Bangkok,1217,1,1,1,1,3784,5134,738,24
Flood,Medium,Chennai,883,1,1,0,1,2907,4419,613,15
Fire,Severe,Hyderabad,3372,1,1,1,1,3420,5480,161,75
Fire,Extreme,San Francisco,4304,0,0,1,0,2670,702,773,73
Fire,High,Hyderabad,3390,1,1,1,1,3493,6939,938,139
Fire,Severe,Kathmandu,4075,0,1,1,0,2255,5955,280,67
Earthquake,Severe,Mumbai,3926,0,0,1,0,343,4312,650,80
Landslide,Medium,Mumbai,3971,1,1,1,1,3074,1690,978,30
Landslide,Medium,San Francisco,4016,1,1,1,1,3640,7110,133,25
Landslide,High,Kathmandu,2129,1,1,1,1,3081,7559,729,53
Earthquake,Medium,Chennai,1357,1,1,0,1,683,5034,274,70
Fire,Extreme,San Francisco,1422,0,0,1,0,3215,8657,665,141
Fire,Medium,Jakarta,703,1,1,1,1,460,4448,654,31
Cyclone,Extreme,Izmir,2337,0,1,1,0,989,4459,981,65
Landslide,Medium,Kathmandu,2878,1,1,0,0,1505,5688,847,47
Cyclone,Extreme,San Francisco,1974,1,1,1,1,4760,7702,754,104
Flood,High,Hyderabad,3006,1,1,1,0,4070,3664,578,57
Earthquake,Low,Hyderabad,4339,1,0,0,0,1558,8309,434,12
Earthquake,High,Delhi,567,1,1,1,1,1896,6360,462,28
Cyclone,Low,Hyderabad,2758,1,0,1,1,3202,6739,730,119
Cyclone,Extreme,Chennai,3327,0,1,0,1,2517,4239,757,23
Earthquake,High,Bangkok,1598,1,1,1,0,2624,4416,422,68
Earthquake,High,Mumbai,2178,0,1,1,1,915,7786,800,102
Earthquake,Low,Bangkok,5662,1,0,1,0,506,5575,375,127
Fire,Medium,Kathmandu,1304,1,1,1,1,1244,3489,913,45
Fire,High,Kolkata,5648,1,0,0,1,4691,7829,800,137
Cyclone,Extreme,Izmir,1443,1,1,1,1,2502,8082,167,82
Flood,Low,Izmir,1730,1,1,0,1,2954,4505,445,29
Fire,Low,Mumbai,3635,1,1,1,1,1224,6734,573,20
Earthquake,Medium,Hyderabad,4645,1,0,0,1,3075,7328,163,140
Fire,High,Izmir,5712,0,0,1,0,1161,7411,139,147
Landslide,Extreme,Hyderabad,2648,1,1,1,0,4165,6157,245,136
Earthquake,High,Jakarta,5081,1,1,1,1,1589,2147,207,108
Flood,Low,Bangkok,3282,1,1,1,1,1290,8357,904,115
Landslide,Low,Kathmandu,3942,0,0,1,0,2453,6794,910,22
Fire,Medium,Jakarta,5701,0,0,1,0,1144,1146,923,47
Cyclone,Medium,Bangkok,2330,1,1,1,0,4079,886,424,71
Flood,Extreme,Kolkata,5574,1,1,1,1,2181,969,686,63
Flood,Extreme,Kolkata,3762,1,1,1,1,1745,6963,299,62
Earthquake,Extreme,Kolkata,2794,1,1,0,0,371,5182,847,85
Landslide,Severe,Delhi,5746,0,1,0,0,2634,5520,841,93
Landslide,Extreme,San Francisco,775,1,1,0,1,2847,1036,560,138
Earthquake,Medium,Bangkok,4257,0,1,1,1,627,1014,553,120
Flood,Severe,Delhi,2224,0,1,1,1,3643,1586,81,39
Earthquake,Extreme,Jakarta,2147,0,1,1,1,3283,7471,222,117
Fire,Low,Delhi,3196,0,1,1,1,2017,3772,123,84
Fire,Low,Delhi,5548,0,1,1,0,3251,8963,746,21
Cyclone,High,Bangkok,2004,1,0,0,0,2763,4624,503,65
Landslide,Extreme,Chennai,5417,1,0,1,0,1556,5022,450,148
Earthquake,High,Bangkok,5263,1,1,1,1,2342,1751,629,128
Flood,High,Hyderabad,2605,1,0,0,0,607,8437,367,114
Earthquake,Severe,Chennai,5391,1,1,1,1,2261,3563,887,106
Fire,High,Delhi,4962,1,1,1,0,3259,883,667,40
Flood,Medium,Chennai,1773,1,1,1,1,3267,7353,709,82
Cyclone,Extreme,Chennai,2477,1,0,1,0,3654,970,242,114
Earthquake,Medium,Hyderabad,4735,0,0,1,0,4482,2930,447,138
Cyclone,Medium,Jakarta,5580,0,0,1,1,927,7289,560,125
Earthquake,Severe,Delhi,1483,0,1,0,1,1188,3372,954,121
Cyclone,Medium,Jakarta,4559,1,1,1,1,3073,8109,217,98
Landslide,Extreme,San Francisco,3808,1,1,1,1,2016,1010,628,65
Landslide,Low,Kathmandu,859,0,1,1,1,3166,6598,187,85
Landslide,Extreme,Kolkata,1231,1,0,1,1,4261,3204,694,40
Landslide,Low,Mumbai,5356,1,1,1,1,3562,7537,505,88
Landslide,Low,Mumbai,2537,0,0,1,0,2949,865,928,87
Landslide,Extreme,Mumbai,2962,1,0,0,0,1568,1715,754,69
Flood,Low,Kathmandu,3576,0,0,1,1,1285,5185,789,68
Flood,Low,Bangkok,5151,1,1,1,1,3234,8266,98,72
Cyclone,High,Hyderabad,2135,1,1,0,1,1998,8795,201,53
Flood,High,Kathmandu,5684,1,1,1,1,2702,5595,243,67
Fire,High,Hyderabad,5024,1,1,1,1,1607,2984,273,40
Flood,Extreme,Kathmandu,4347,1,0,1,1,3875,3118,182,134
Earthquake,Medium,Kathmandu,5816,1,0,0,0,3080,1122,651,107
Landslide,Medium,Hyderabad,3664,1,0,1,1,3266,2753,367,115
Flood,Extreme,San Francisco,1735,1,0,0,1,1329,3371,455,132
Cyclone,Low,Hyderabad,5554,1,1,0,1,1775,1508,980,44
Cyclone,Extreme,San Francisco,2623,0,0,1,1,898,924,609,122
Earthquake,High,Jakarta,3431,0,1,1,1,4425,3671,316,121
Earthquake,Low,San Francisco,5201,0,1,1,1,4770,7482,104,87
Cyclone,High,Jakarta,5280,1,1,1,0,3250,4492,527,135
Earthquake,High,Mumbai,2053,1,1,1,1,4878,1712,266,99
Cyclone,Medium,Hyderabad,5422,1,1,1,1,2630,5386,151,16
Fire,Severe,Mumbai,5682,1,1,0,1,4648,1164,455,45
Fire,Severe,Kolkata,2384,0,0,1,0,4471,7243,861,80
Landslide,High,Hyderabad,4513,0,1,0,0,4856,5413,100,73
Landslide,Severe,Delhi,5433,1,0,0,0,1487,4669,997,25
Landslide,High,Bangkok,2581,0,0,1,1,3798,2609,300,109
Flood,High,Chennai,3906,1,1,0,0,447,1732,367,141
Cyclone,Extreme,Kolkata,2477,0,0,1,1,2159,6629,728,115
Cyclone,Low,Jakarta,5808,1,1,0,1,2762,987,913,125
Flood,Extreme,Izmir,2676,1,0,1,0,1186,4098,489,120
Flood,High,Mumbai,5154,1,1,0,0,4359,6000,697,139
Cyclone,Medium,Chennai,511,1,1,0,0,494,3237,874,122
Earthquake,Severe,Kolkata,2577,0,0,1,1,4167,5573,523,51
Flood,Medium,Jakarta,1769,1,1,1,1,1560,8401,264,116
Earthquake,Low,Kathmandu,5183,0,1,1,1,2181,4509,767,29
Cyclone,Severe,Hyderabad,3979,1,1,1,0,1709,5897,273,38
Fire,Extreme,Bangkok,779,1,1,1,0,3264,4677,701,87
Earthquake,Severe,Kolkata,4631,1,0,0,0,2008,7889,285,136
Flood,Extreme,Hyderabad,4743,1,1,1,1,494,1362,559,118
Fire,Extreme,Izmir,4314,1,1,1,0,2314,4489,789,149
Landslide,Severe,Mumbai,1180,1,1,1,1,4951,1309,852,118
Cyclone,High,Mumbai,1768,1,1,1,0,1084,5271,162,119
Landslide,High,Hyderabad,2838,1,0,0,1,625,8474,869,78
Flood,Severe,Bangkok,5203,1,1,1,1,4378,2067,133,25
Flood,Medium,Jakarta,628,1,1,1,0,4296,8193,87,38
Fire,High,Jakarta,2144,1,1,1,1,4671,3844,758,13
Cyclone,Extreme,Delhi,5705,1,0,1,1,1799,2858,956,95
Cyclone,Medium,Bangkok,798,1,1,0,1,1223,4932,99,48
Cyclone,Medium,San Francisco,5006,1,1,1,0,3153,3357,506,28
Flood,Medium,Mumbai,5851,1,1,1,1,4723,2166,131,127
Landslide,Severe,Delhi,2393,1,1,1,0,3934,2352,500,55
Flood,Extreme,Kolkata,4137,0,1,0,0,2463,6299,384,16
Flood,Extreme,Bangkok,4069,1,0,0,1,1046,5333,133,38
Cyclone,Severe,Mumbai,3510,0,1,1,1,2073,3247,172,88
Earthquake,High,Jakarta,743,0,1,1,0,805,7060,569,16
Flood,Medium,San Francisco,1964,0,0,1,1,690,6315,460,59
Fire,Extreme,Kathmandu,2039,0,1,0,1,1212,1343,506,13
Flood,Extreme,Chennai,4336,1,0,0,0,1219,3039,835,132
Earthquake,Severe,Chennai,1058,1,1,0,1,3402,5216,608,48
Flood,Severe,Kolkata,5685,1,1,1,1,2455,7111,301,45
Landslide,Low,San Francisco,2381,0,0,1,1,2946,5909,828,143
Landslide,Medium,Jakarta,2580,1,0,1,0,1847,8497,941,146
Flood,High,Jakarta,770,0,1,0,1,4256,871,353,12
Landslide,Medium,Mumbai,5175,1,1,0,1,1190,7448,101,136
Flood,Extreme,Bangkok,4739,0,0,1,1,4281,6498,491,128
Landslide,Extreme,San Francisco,3624,0,0,1,0,779,2053,330,48
Cyclone,High,Chennai,5373,1,1,0,0,2695,8920,114,15
Landslide,High,Chennai,1403,1,1,1,1,4386,4970,979,94
Landslide,High,Delhi,4399,0,1,1,1,1316,7170,94,80
Flood,Extreme,Mumbai,2813,0,0,1,1,1814,1931,701,122
Fire,Medium,Delhi,919,0,0,0,1,3236,4562,250,143
Earthquake,Extreme,Kathmandu,4015,0,1,1,1,1642,6260,171,65
Fire,Severe,Mumbai,1313,1,1,1,0,2331,6611,511,103
Fire,Medium,Kathmandu,1589,0,1,0,0,4341,2738,892,123
Earthquake,Low,Bangkok,4286,1,1,0,1,4430,6128,617,23
Cyclone,High,Bangkok,4234,0,1,1,0,3646,6919,518,101
Fire,High,Hyderabad,2800,1,1,1,1,3497,5996,116,108
Landslide,Severe,Kolkata,4579,1,1,0,0,4814,5239,764,55
Landslide,Medium,Izmir,4680,1,1,1,1,3860,5458,706,73
Landslide,High,Kathmandu,4034,1,1,0,1,3596,2640,392,112
Earthquake,High,Izmir,5030,1,1,0,1,981,5954,129,93
Landslide,Extreme,Delhi,3080,1,0,1,1,4691,2859,892,86
Landslide,Severe,Mumbai,527,0,0,0,1,2285,2881,410,47
Earthquake,High,Bangkok,1878,0,1,0,1,1548,6350,225,125
Flood,Severe,Delhi,2976,0,1,0,0,4316,5303,205,98
Cyclone,Low,Kolkata,3388,1,1,1,1,1964,7909,994,89
Earthquake,Low,Kolkata,2568,1,1,1,1,1814,3298,366,19
Fire,Extreme,Delhi,978,0,0,1,1,815,1891,600,118
Cyclone,Low,Hyderabad,5688,0,0,1,0,3632,1487,158,120
Earthquake,Extreme,San Francisco,3760,0,1,1,0,366,8233,847,18
Landslide,Extreme,San Francisco,1687,0,1,0,1,4771,4039,628,83
Earthquake,Severe,Bangkok,2138,1,1,1,1,2131,1874,748,98
Landslide,Medium,Delhi,3584,1,0,1,1,3218,1431,185,128
Earthquake,High,Kolkata,1715,1,0,0,1,624,5774,805,68
Flood,Severe,Delhi,2015,1,1,1,1,3217,6431,598,39
Cyclone,Medium,Hyderabad,2077,0,1,1,1,1596,2920,86,19
Earthquake,Extreme,Delhi,1962,0,1,1,0,2678,7737,561,37
Cyclone,Medium,Jakarta,5161,1,1,0,1,1507,2594,301,68
Flood,Extreme,Mumbai,3216,1,1,1,1,490,2035,787,44
Cyclone,Low,Kolkata,1466,1,1,0,1,4567,3858,632,132
Earthquake,Severe,Jakarta,882,1,0,1,1,2556,2112,639,12
Fire,Extreme,Mumbai,3439,1,1,1,1,3999,6669,129,88
Earthquake,Severe,Bangkok,4162,1,0,1,1,4782,5497,638,114
Fire,Low,Mumbai,1045,0,1,1,0,4474,7965,161,47
Earthquake,Low,Jakarta,5569,1,1,0,0,3939,5135,676,31
Flood,High,Mumbai,5443,0,1,1,1,741,3250,209,141
Flood,Low,Jakarta,4231,1,0,0,0,1851,7552,505,75
Earthquake,Extreme,Kolkata,2798,1,0,0,0,3225,7804,974,106
Cyclone,High,Mumbai,2831,0,0,1,0,2453,1828,518,79
Earthquake,Medium,Izmir,1579,1,0,1,0,3811,3441,192,48
Earthquake,High,San Francisco,5461,0,0,0,1,1125,4479,914,80
Earthquake,Low,Hyderabad,4388,1,1,1,1,351,3110,876,87
Earthquake,High,Izmir,3238,1,0,0,0,3569,3899,611,81
Cyclone,Low,Bangkok,1110,0,0,0,1,4969,7129,613,135
Earthquake,Low,Kathmandu,4330,0,0,0,1,421,5068,373,119
Cyclone,Low,Kathmandu,3685,1,1,1,1,2216,7696,556,74
Landslide,Severe,Kolkata,3395,0,1,1,1,4460,1285,783,26
Fire,Extreme,Bangkok,2655,0,1,0,0,1304,6025,669,25
Earthquake,Medium,Mumbai,3199,1,1,1,0,2161,5969,879,114
Landslide,Medium,Kolkata,1401,1,1,1,1,3468,6098,614,144
Flood,Severe,Bangkok,1203,1,1,1,0,4580,3840,908,139
Landslide,Medium,Chennai,2626,1,0,1,1,2760,3428,742,80
Cyclone,Low,Mumbai,4144,1,0,1,1,1503,3265,182,19
Fire,Extreme,Mumbai,3668,1,0,1,1,2421,4778,761,60
Cyclone,Severe,Mumbai,4403,1,1,1,1,3865,5293,521,139
Landslide,Low,Bangkok,2994,1,1,1,0,1292,7558,153,34
Flood,Extreme,Izmir,4961,0,1,0,0,2576,5620,209,105
Flood,Severe,Mumbai,5892,1,0,0,0,4512,7661,447,103
Landslide,Medium,Bangkok,1424,1,1,1,1,451,8744,992,27
Earthquake,Low,Delhi,3585,0,1,1,0,3804,856,814,141
Fire,Low,Jakarta,2794,1,1,0,0,4926,3605,617,101
Earthquake,Low,San Francisco,1286,0,0,0,1,4668,8796,667,72
Earthquake,High,Izmir,5927,1,1,0,1,4001,3049,947,63
Earthquake,Medium,Izmir,3728,0,1,1,0,4882,6731,227,89
Earthquake,Medium,Bangkok,5133,0,1,1,1,3492,1000,803,72
Cyclone,Medium,Mumbai,1663,1,1,1,0,855,6748,860,87
Earthquake,Extreme,Hyderabad,2459,1,1,1,1,1901,2180,166,88
Fire,Medium,Hyderabad,1799,0,0,0,1,4179,8189,591,109
Fire,Extreme,Kolkata,2496,1,1,0,0,3727,977,97,21
Landslide,High,Izmir,5690,1,1,1,1,4875,8427,98,15
Landslide,High,Jakarta,642,1,1,1,1,4587,2110,457,78
Cyclone,Extreme,Kolkata,5773,0,1,1,1,4800,1872,968,20
Landslide,High,Bangkok,4097,1,0,1,0,3125,4423,885,117
Earthquake,Medium,Mumbai,1462,1,0,1,1,3305,1582,848,21
Earthquake,Medium,Jakarta,4809,1,1,1,0,3503,2944,98,139
Landslide,High,Delhi,3442,1,1,1,1,2867,2374,715,62
Fire,Extreme,San Francisco,5055,1,1,1,1,2600,6345,831,95
Fire,Low,Mumbai,5005,1,0,0,0,1569,8568,635,95
Earthquake,Low,Chennai,741,1,1,1,1,1219,6382,345,129
Flood,Low,Kathmandu,3279,1,1,1,1,1055,7195,895,51
Fire,Medium,San Francisco,4365,1,0,1,1,324,5638,870,66
Landslide,Low,Jakarta,5125,1,1,1,1,2576,8093,675,44
Earthquake,Extreme,Jakarta,842,1,0,1,1,735,838,273,22
Earthquake,Extreme,Chennai,1453,1,1,1,1,1602,4081,799,74
Flood,Medium,Delhi,504,1,1,1,1,3781,6233,261,22
Cyclone,Medium,San Francisco,3826,0,1,1,1,3959,1831,747,91
Earthquake,Extreme,Bangkok,4877,0,0,0,1,3459,6859,230,82
Landslide,High,San Francisco,3392,1,1,1,1,954,6181,839,136
Fire,Extreme,Kolkata,3124,1,1,1,0,4421,5216,742,94
Cyclone,Extreme,Bangkok,3182,1,1,1,1,1289,5411,415,62
Flood,Severe,Delhi,3071,0,0,1,1,4208,3503,773,37
Earthquake,Extreme,Bangkok,3165,1,1,1,1,1688,3115,649,87
Landslide,Low,Bangkok,4139,1,0,1,1,1523,3872,847,60
Landslide,Extreme,Chennai,4777,0,1,0,1,4702,3269,475,13
Fire,Medium,Hyderabad,4696,1,0,1,1,3310,1272,388,72
Fire,Extreme,Delhi,5024,0,0,0,1,733,4107,667,125
Earthquake,Low,Izmir,4257,0,0,1,0,4956,6265,373,141
Earthquake,Low,Izmir,4315,0,0,0,1,546,3129,318,120
Earthquake,Low,San Francisco,3651,1,1,1,1,3738,6280,990,36
Fire,High,Kolkata,5733,1,1,1,1,3364,6455,896,85
Earthquake,Extreme,Hyderabad,4802,0,1,1,1,2498,7511,607,46
Earthquake,Severe,Hyderabad,518,0,0,0,1,664,8167,86,126
Landslide,Medium,San Francisco,5916,1,1,1,1,4344,1152,969,147
Cyclone,Extreme,Izmir,1716,1,0,0,1,1180,3849,164,39
Landslide,Medium,Delhi,4145,0,1,0,0,2826,4216,375,72
Landslide,Low,Mumbai,4375,1,1,1,0,3637,6938,341,66
Landslide,Severe,Izmir,3809,0,0,0,1,1282,4143,995,34
Flood,Extreme,Chennai,1907,1,1,1,1,1516,2110,505,30
Landslide,Extreme,Bangkok,3231,0,1,1,1,4237,4752,263,121
Landslide,Low,Bangkok,2748,1,0,1,1,1148,7054,583,144
Cyclone,Severe,Delhi,1540,1,0,0,1,4678,1274,653,109
Earthquake,Extreme,Kolkata,3310,0,1,1,1,1404,6370,627,141
Fire,Severe,Izmir,2832,0,1,1,0,2292,2943,386,23
Cyclone,Severe,Kathmandu,1028,0,0,1,0,643,6098,288,138
Fire,Severe,Chennai,2249,1,1,1,0,3142,8078,444,85
Landslide,Low,San Francisco,1570,1,1,1,1,2150,5753,182,133
Cyclone,Severe,Kathmandu,1178,1,0,1,0,1288,2202,845,80
Flood,High,Delhi,1778,1,1,1,1,2894,5389,468,13
Fire,Medium,Kolkata,3730,1,1,1,0,3650,5611,483,134
Flood,Low,Bangkok,5970,1,1,0,0,4573,7223,987,112
Fire,Medium,Mumbai,5815,1,0,1,0,2674,1017,888,128
Landslide,Medium,Chennai,917,1,0,1,0,2903,1801,405,110
Earthquake,High,Chennai,1008,1,1,0,0,2679,5452,598,22
Flood,Severe,Kolkata,824,1,1,1,1,2293,4257,595,12
Cyclone,Severe,Delhi,3867,1,1,1,1,3695,1545,220,15
Flood,Low,Kathmandu,4332,0,1,0,0,4575,8957,899,101
Cyclone,High,Chennai,4015,1,1,0,1,4837,3143,807,78
Flood,Low,Jakarta,992,1,1,1,1,1848,5765,432,66
Cyclone,Extreme,San Francisco,1022,1,1,1,1,2217,3586,196,147
Cyclone,Extreme,Bangkok,4576,1,0,1,0,1393,4580,526,29
Flood,Severe,Bangkok,2074,1,0,0,0,2673,8760,998,100
Fire,Low,Mumbai,4432,1,0,1,0,1907,8940,131,42
Earthquake,Extreme,Jakarta,4326,1,0,0,1,4874,5477,714,53
Cyclone,Medium,Kathmandu,2897,0,1,0,1,2232,4235,906,78
Landslide,Severe,Izmir,4433,1,1,1,0,3685,7336,207,16
Landslide,Severe,Kathmandu,4136,0,1,0,1,523,6997,639,104
Landslide,Medium,Chennai,5367,0,1,1,1,4424,3119,602,106
Flood,Extreme,Bangkok,1625,1,0,0,1,3417,4861,682,120
Cyclone,High,Bangkok,3444,0,1,0,1,4676,7910,565,93
Earthquake,Severe,San Francisco,1080,1,1,0,1,3124,1911,309,19
Flood,Low,Chennai,1469,1,0,1,0,3760,6520,425,35
Cyclone,Low,Jakarta,758,1,1,1,1,1247,5658,604,129
Earthquake,High,Kolkata,3661,1,1,1,1,4201,8886,437,148
Landslide,High,Kolkata,2482,1,1,1,1,1771,3011,137,55
Flood,Medium,San Francisco,5097,1,0,1,1,4175,8232,965,46
Landslide,Severe,Kolkata,4754,1,1,0,0,4768,5892,328,100
Cyclone,Low,Izmir,1226,1,1,1,1,1544,7397,726,51
Earthquake,Low,Delhi,3470,1,1,1,1,1452,7685,505,134
Landslide,Medium,San Francisco,5701,1,0,1,1,3970,2951,741,46
Flood,High,Mumbai,5223,1,1,1,1,3849,8638,125,64
Fire,Extreme,San Francisco,3392,1,1,1,0,2796,6277,626,33
Cyclone,Low,Kathmandu,3252,1,1,1,1,2053,2303,378,78
Earthquake,Medium,Bangkok,796,0,1,1,1,3349,4487,86,58
Earthquake,Low,Bangkok,4499,0,1,1,0,1967,2523,107,86
Fire,Low,Bangkok,2252,1,0,0,0,1915,2549,674,74
Cyclone,Extreme,Hyderabad,5975,1,0,0,0,2415,8333,513,31
Landslide,Medium,Jakarta,5380,0,1,0,1,400,7357,835,68
Earthquake,High,Hyderabad,2037,0,0,0,1,1054,8096,673,141
Fire,High,Jakarta,3908,1,1,1,1,805,1829,111,83
Earthquake,Low,Mumbai,5524,0,1,1,1,4367,4895,737,18
Earthquake,Low,Kolkata,5227,0,1,1,0,981,4632,339,91
Cyclone,High,Chennai,4657,0,1,1,0,619,2849,508,115
Earthquake,Low,Delhi,960,1,0,0,1,1186,4636,171,61
Landslide,Extreme,Delhi,2781,1,0,0,0,1355,8156,717,76
Earthquake,Low,Delhi,4981,0,0,1,1,4457,5375,616,53
Earthquake,Extreme,Kolkata,1308,1,1,0,1,471,7419,110,56
Landslide,Medium,San Francisco,1853,1,0,1,0,1067,4595,762,136
Cyclone,Extreme,Chennai,2573,0,0,1,0,612,6969,487,62
Earthquake,Severe,Mumbai,2007,1,0,0,1,4845,7829,737,94
Landslide,High,Kathmandu,990,1,1,1,1,4650,3128,971,39
Flood,High,Hyderabad,4876,1,1,1,1,1598,5568,922,137
Earthquake,High,Chennai,2419,1,1,1,1,2760,8567,248,42
Earthquake,Severe,Izmir,2653,0,1,1,1,2208,8556,361,142
Flood,High,Bangkok,2270,0,1,0,1,4413,3915,796,48
Earthquake,Low,Kolkata,3105,0,0,0,1,977,805,295,81
Landslide,Medium,Kolkata,2497,1,1,1,1,1861,4706,731,108
Earthquake,Low,Jakarta,1917,1,0,0,1,1824,4466,330,18
Landslide,Medium,Chennai,1709,1,1,1,0,2478,8310,917,76
Fire,Extreme,Chennai,620,0,1,0,1,1264,4924,170,101
Landslide,Low,Kathmandu,1816,0,1,1,1,1496,3870,485,109
Landslide,High,Kolkata,3202,1,1,0,1,1127,2724,378,83
Earthquake,High,Izmir,2064,1,0,0,0,1518,5301,413,34
Earthquake,Medium,Delhi,3353,1,1,1,1,1728,5078,441,132
Cyclone,Medium,Hyderabad,5494,0,1,0,1,375,5026,795,55
Flood,Extreme,Jakarta,1110,1,0,0,1,3075,4698,752,103
Fire,High,Bangkok,1900,0,1,0,1,4371,3486,81,112
Fire,Extreme,Jakarta,3408,0,0,1,0,4433,1359,616,139
Flood,Low,Chennai,3284,1,0,0,0,1118,5568,92,149
Cyclone,Severe,Jakarta,2517,1,1,1,1,1528,5492,766,140
Flood,Medium,Hyderabad,1007,1,1,1,1,631,7560,956,48
Fire,Low,Izmir,3237,1,0,0,0,3047,7835,606,45
Flood,Medium,Izmir,5573,0,0,0,1,4541,3861,532,69
Earthquake,Medium,Bangkok,5698,1,1,1,0,732,1876,868,32
Landslide,Severe,Chennai,3013,0,0,0,1,2073,7644,822,27
Flood,High,Kolkata,1494,0,0,1,0,912,1295,787,83
Cyclone,Medium,Mumbai,5187,0,1,1,0,1330,8606,95,21
Cyclone,Severe,Mumbai,1811,0,1,1,1,4355,6102,483,75
Cyclone,Severe,Kolkata,4698,0,1,0,0,1424,1921,892,35
Earthquake,High,San Francisco,2259,1,0,0,0,3791,4213,575,33
Flood,High,Hyderabad,837,0,0,0,1,4249,6733,116,35
Fire,Medium,Kolkata,4038,1,0,0,0,2400,3607,946,20
Cyclone,Severe,Jakarta,3224,0,1,1,1,2810,5336,705,116
Fire,Severe,Kolkata,3737,1,0,1,0,4162,758,681,124
Landslide,High,Jakarta,3845,1,1,1,0,2786,1261,989,127
Cyclone,Severe,Chennai,1434,0,1,0,1,374,994,872,30
Landslide,Severe,Hyderabad,5413,1,1,0,0,1474,1864,148,13
Cyclone,High,Jakarta,5256,1,1,1,1,542,3500,591,90
Cyclone,Severe,Hyderabad,3583,1,1,0,1,2157,1469,478,90
Fire,Low,Kolkata,5963,1,1,1,1,3633,8150,929,97
Cyclone,Low,Kathmandu,1055,1,0,0,0,1686,5463,459,148
Landslide,Medium,Kathmandu,3013,1,0,0,1,4103,3027,727,115
Fire,High,Hyderabad,1492,0,1,1,0,1677,5081,407,112
Landslide,Medium,Bangkok,3186,1,1,0,1,3283,7959,269,112
Earthquake,Severe,San Francisco,2501,1,1,1,1,1687,7252,86,76
Earthquake,Severe,Chennai,1763,1,1,1,1,1171,1534,550,16
Earthquake,Medium,Chennai,2605,0,1,1,1,2868,909,120,57
Fire,Low,Chennai,3610,0,0,1,0,2466,5893,270,77
Landslide,High,Mumbai,5347,1,1,0,1,1717,6617,101,12
Earthquake,Severe,Kolkata,4345,0,0,1,0,3990,7606,300,132
Earthquake,Extreme,Mumbai,1237,0,0,1,1,535,1411,948,106
Landslide,High,Mumbai,1009,1,0,1,1,2123,7552,864,135
Flood,High,Kathmandu,1722,1,1,1,1,3967,2477,360,76
Earthquake,High,Izmir,1306,1,1,1,1,4630,3422,640,55
Cyclone,Severe,Izmir,2069,1,0,1,0,4235,7946,827,136
Fire,Extreme,Delhi,2324,0,0,0,1,2791,7980,284,94
Cyclone,Low,Mumbai,1799,1,0,0,0,1715,1668,448,148
Flood,Low,Kolkata,4759,1,1,1,1,3922,1523,439,138
Fire,High,Hyderabad,2393,1,1,1,1,3606,3602,787,61
Cyclone,Low,San Francisco,5712,1,1,1,1,491,7874,719,64
Earthquake,Low,Delhi,4949,1,0,1,1,1304,6194,371,98
Landslide,Extreme,Kathmandu,4879,1,1,1,1,2279,4694,734,42
Cyclone,Low,Bangkok,2632,1,1,1,1,2968,1754,820,131
Fire,High,Delhi,1894,1,0,1,1,398,4770,918,76
Earthquake,Low,Hyderabad,3150,0,1,0,1,2684,1509,283,121
Fire,Medium,Mumbai,3182,1,0,0,1,553,4248,193,29
Landslide,Extreme,Delhi,2125,1,1,1,1,4298,4583,523,85
Earthquake,Severe,Delhi,3674,0,1,1,1,701,1674,303,15
Cyclone,Medium,Kolkata,4777,1,1,0,0,1641,4736,289,145
Fire,High,San Francisco,1343,1,0,0,0,1824,1281,995,142
Landslide,High,Hyderabad,3238,0,1,1,1,1657,4834,372,84
Cyclone,Severe,Kathmandu,2789,0,1,1,0,1266,1589,192,71
Flood,Extreme,Chennai,3566,1,0,1,1,1741,7980,123,137
Earthquake,High,Hyderabad,5107,1,1,1,1,4285,3879,298,71
Earthquake,High,Kolkata,1337,0,1,1,1,4884,1386,369,110
Landslide,High,Chennai,3141,1,0,0,0,2528,7342,399,92
Cyclone,Low,Mumbai,2943,1,0,1,1,2072,1577,902,138
Fire,Low,Bangkok,3186,0,1,0,0,533,3074,304,131
Cyclone,Severe,Hyderabad,3791,1,1,1,1,2788,2258,674,97
Cyclone,Extreme,Kathmandu,1882,1,1,1,1,2874,4084,154,43
Earthquake,Extreme,Bangkok,4164,1,1,1,0,3287,6455,610,111
Flood,High,Izmir,4537,1,1,1,1,872,8405,662,112
Cyclone,Medium,Chennai,2871,1,0,1,1,2021,2049,704,66
Flood,Low,Mumbai,5746,0,0,1,0,492,4545,609,19
Landslide,Extreme,Hyderabad,1575,1,1,1,1,2813,8868,797,40
Landslide,Severe,Jakarta,5416,0,1,1,1,897,8020,593,95
Landslide,Extreme,Kolkata,4586,1,0,0,0,965,8546,547,23
Fire,Extreme,Izmir,5963,1,1,1,1,3844,7933,158,95
Flood,High,Mumbai,5325,1,1,1,1,888,7254,456,137
Cyclone,Low,Chennai,5298,1,1,0,0,2359,3686,480,49
Fire,High,Delhi,5333,0,1,0,0,4597,2053,442,133
Cyclone,Medium,Delhi,1248,1,1,0,0,1104,5116,469,31
Earthquake,High,Izmir,3417,0,1,0,0,552,5761,325,115
Earthquake,Severe,Kolkata,3741,1,0,0,0,3357,1250,534,148
Landslide,Medium,Delhi,4909,1,1,1,1,4579,6483,792,137
Earthquake,Severe,Kathmandu,3801,1,1,0,1,570,1779,910,24
Flood,Medium,Kathmandu,5506,1,0,0,0,4285,6691,163,52
Earthquake,Extreme,Mumbai,4885,1,0,0,1,2814,4669,292,70
Fire,Medium,Mumbai,1809,0,1,1,1,1164,6089,371,33
Landslide,Medium,Kathmandu,5955,1,1,1,1,721,1646,242,52
Earthquake,Severe,Chennai,1661,0,0,1,0,3558,6821,989,51
Earthquake,High,Mumbai,555,1,0,1,0,3624,7477,185,139
Fire,High,Delhi,5397,0,0,0,1,409,4332,720,82
Fire,Extreme,Hyderabad,5500,1,1,1,1,404,2747,229,115
Cyclone,Extreme,Mumbai,870,1,1,0,1,786,8078,244,134
Landslide,Extreme,Mumbai,4149,1,0,0,0,538,7543,161,116
Landslide,Low,Kathmandu,3312,0,0,1,0,3547,3292,649,37
Earthquake,Low,San Francisco,5192,0,1,1,1,2740,5495,702,24
Earthquake,Low,Bangkok,5690,0,1,1,1,4963,7762,315,34
Earthquake,Low,Mumbai,4820,0,1,1,1,3047,5377,884,40
Earthquake,Severe,Hyderabad,3304,0,0,1,1,1843,2389,627,57
Fire,High,Izmir,5021,1,0,0,0,1424,6360,718,91
Flood,Extreme,Mumbai,2306,1,0,0,1,3247,7031,396,147
Flood,Medium,Bangkok,2864,0,1,1,1,1589,1239,814,32
Flood,Medium,San Francisco,5587,1,1,1,1,2446,7160,202,73
Earthquake,Extreme,Kathmandu,3256,0,1,1,1,2236,3791,639,139
Flood,High,Delhi,1481,0,0,0,1,3831,1501,122,83
Earthquake,Medium,San Francisco,3459,1,0,1,0,4087,1283,511,59
Earthquake,Extreme,Kathmandu,2694,0,0,0,1,1462,7472,378,29
Earthquake,Medium,Kathmandu,5773,1,1,1,1,2249,3972,957,124
Landslide,Extreme,Kolkata,3255,1,0,1,1,2203,4940,354,79
Flood,High,Bangkok,5163,0,1,1,1,3716,7002,617,32
Earthquake,Low,Chennai,1180,0,1,1,1,1272,3546,164,68
Earthquake,Severe,Jakarta,2652,1,0,0,0,2028,2724,409,141
Cyclone,Severe,Mumbai,3011,1,0,1,1,749,8548,364,27
Flood,Medium,Izmir,4781,1,1,1,1,3499,8910,791,145
Flood,Severe,Mumbai,5094,1,1,0,1,2868,2585,996,148
Cyclone,Severe,Izmir,4238,1,1,1,1,3031,1569,126,103
Fire,Severe,Hyderabad,4800,1,1,1,1,3444,4287,155,82
Earthquake,Extreme,Bangkok,3373,1,0,0,0,3646,7724,156,86
Earthquake,Extreme,San Francisco,4308,0,1,1,0,441,1592,447,93
Landslide,High,Kathmandu,3268,1,1,1,0,342,8623,82,134
Cyclone,Extreme,Mumbai,2610,1,1,1,1,1257,7846,640,60
Fire,Medium,Bangkok,2241,0,0,1,1,4108,3577,542,24
Flood,Severe,Delhi,2087,1,1,1,1,4321,7887,112,81
Flood,Extreme,Bangkok,560,0,0,1,0,4228,2243,351,125
Cyclone,Severe,Kathmandu,3932,0,0,0,1,637,7422,89,58
Flood,High,Mumbai,4728,1,1,0,1,3954,2830,136,129
Landslide,Severe,Hyderabad,2166,0,1,0,0,4724,6965,120,139
Flood,Extreme,Chennai,5828,1,1,0,1,3921,4383,784,60
Cyclone,Severe,Hyderabad,5012,0,1,0,0,3791,6574,719,114
Landslide,Severe,Kathmandu,3153,1,0,1,0,4624,4623,616,21
Flood,Medium,Delhi,3175,0,0,0,1,1580,1932,360,81
Cyclone,Low,Kolkata,4177,0,1,0,0,588,2109,93,10
Earthquake,Severe,Izmir,5802,0,0,1,1,3770,2006,153,108
Landslide,Medium,Mumbai,823,0,1,1,1,2731,5370,815,122
Fire,Extreme,Kathmandu,1903,0,1,0,1,1726,6568,679,20
Flood,High,Delhi,1575,1,0,1,1,3388,2489,289,47
Fire,Extreme,Bangkok,2365,0,1,1,1,3425,4106,110,144
Landslide,Severe,Jakarta,3638,0,0,1,1,4694,4234,804,61
Earthquake,Extreme,Bangkok,946,0,1,0,0,408,3939,891,25
Earthquake,High,Kathmandu,1338,0,1,1,0,3101,7681,109,112
Cyclone,Low,Delhi,1404,1,1,1,0,2478,8860,868,73
Flood,High,Izmir,1273,1,1,1,0,4905,5160,432,41
Landslide,Medium,Chennai,606,1,1,1,1,4777,7233,323,82
Earthquake,Medium,Bangkok,4518,1,0,0,0,2315,4080,775,87
Cyclone,Severe,Chennai,1286,1,1,1,1,448,2454,201,33
Earthquake,Severe,Hyderabad,1424,0,0,1,1,1903,3752,652,132
Cyclone,Medium,Delhi,3660,0,0,1,0,1011,3286,680,10
Fire,Low,Jakarta,770,0,1,0,0,1843,6469,693,87
Landslide,High,Hyderabad,2285,0,0,0,1,3843,8427,188,49
Cyclone,High,Jakarta,2791,0,0,1,1,4722,1686,126,88
Landslide,Medium,Kolkata,5840,0,1,0,1,1369,3781,408,40
Earthquake,Low,Kathmandu,2059,1,1,1,1,2041,6530,435,123
Cyclone,Medium,Mumbai,5111,1,1,1,1,1480,8628,848,59
Cyclone,Low,Hyderabad,3170,1,0,0,1,539,3280,220,18
Landslide,Extreme,Kathmandu,5569,1,1,0,1,939,5237,883,41
Earthquake,Medium,Mumbai,4488,1,1,0,0,556,737,104,68
Flood,Low,Mumbai,5667,1,1,1,1,3699,1132,510,65
Flood,Low,Delhi,756,0,0,1,0,971,1189,825,140
Earthquake,Medium,Delhi,2475,0,1,0,0,3516,5215,652,26
Cyclone,Low,Kathmandu,5559,0,0,1,0,1276,8045,372,55
Cyclone,Severe,Kolkata,1291,0,1,0,1,936,4475,453,89
Flood,Severe,Mumbai,5196,0,0,1,1,3944,8473,898,36
Cyclone,Severe,Delhi,4832,0,0,1,1,4110,4600,637,94
Cyclone,Severe,Bangkok,5068,1,1,0,0,4507,2545,710,136
Cyclone,Low,Kolkata,4712,0,0,0,1,1878,1579,194,36
Fire,Extreme,San Francisco,4460,0,0,0,1,4111,4942,201,90
Earthquake,Severe,Mumbai,3999,0,0,1,0,3798,8780,759,94
Landslide,High,Kathmandu,2911,0,1,0,0,371,6246,717,66
Fire,Extreme,Chennai,4602,1,0,0,0,1204,3726,645,113
Earthquake,Medium,Kathmandu,4372,0,0,1,1,1785,8390,496,137
Fire,Extreme,Chennai,4718,1,1,1,0,2481,4588,920,59
Landslide,High,Hyderabad,1687,1,0,0,0,4611,8436,736,99
Flood,Extreme,Chennai,551,1,1,1,1,1661,4719,146,122
Landslide,Severe,San Francisco,1574,1,1,1,1,2016,7463,665,32
Landslide,Medium,Mumbai,4214,0,1,0,1,2632,1300,496,109
Fire,Low,Kathmandu,2254,0,0,0,1,2764,5182,550,94
Cyclone,Extreme,San Francisco,4636,0,1,0,0,4995,3288,838,69
Cyclone,Low,Kolkata,2881,0,1,1,1,4539,5128,576,149
Flood,Low,Jakarta,4675,1,1,0,1,1164,7560,643,147
Landslide,High,Kathmandu,5159,1,1,1,1,4301,4183,546,96
Earthquake,Low,Izmir,566,0,1,0,0,3698,3450,549,39
Flood,Extreme,Mumbai,3003,1,1,1,1,1786,4719,211,130
Earthquake,Low,Hyderabad,5658,1,0,0,0,1484,7043,867,25
Earthquake,Medium,Hyderabad,4607,0,0,0,1,3188,3390,194,146
Landslide,High,Kathmandu,3028,1,0,0,1,4803,1597,790,121
Cyclone,Low,Jakarta,4762,0,1,1,1,2731,3215,151,51
Flood,Medium,Chennai,2273,0,1,0,0,3861,4516,569,79
Fire,Severe,Chennai,2634,0,0,1,0,2654,6669,233,17
Flood,Low,Hyderabad,3401,0,1,0,0,1963,6291,189,108
Landslide,Severe,Izmir,2092,0,1,0,0,4561,3089,561,28
Earthquake,Severe,Hyderabad,596,1,1,1,1,4158,3408,357,18
Fire,Low,Izmir,707,0,1,0,0,2237,1846,112,10
Landslide,High,Kathmandu,5284,1,1,1,1,1132,2161,524,145
Landslide,High,Kathmandu,1189,1,0,1,1,1469,1652,310,25
Flood,High,Jakarta,2354,1,1,1,0,3739,3931,629,61
Cyclone,Low,Izmir,2296,0,1,0,0,4663,7012,850,42
Fire,Low,Delhi,5317,1,0,0,0,3400,6882,938,109
Cyclone,Extreme,Chennai,3594,0,0,0,1,1298,6573,316,63
Flood,Medium,Bangkok,4912,0,1,1,0,4098,4383,640,11
Cyclone,High,Izmir,1582,1,1,1,1,2028,8332,859,13
Flood,High,Bangkok,4042,0,1,0,0,3075,8378,660,78
Flood,High,Jakarta,3381,0,0,1,0,565,7176,156,41
Cyclone,Medium,Izmir,653,1,0,0,0,3893,1984,156,10
Fire,High,Izmir,4432,1,1,1,0,841,1058,929,84
Flood,Extreme,San Francisco,5766,0,1,1,1,4654,7135,890,124
Landslide,Low,Jakarta,3032,0,0,1,0,3970,1481,183,92
Flood,Extreme,Bangkok,1839,1,0,1,1,4185,8709,703,104
Earthquake,Medium,Chennai,1829,1,0,0,0,4414,4067,101,121
Cyclone,Low,Bangkok,1711,1,0,0,0,1075,6655,922,146
Landslide,Extreme,San Francisco,5135,1,0,0,1,1395,6601,103,121
Cyclone,Medium,Delhi,1973,1,1,1,1,1512,6397,889,85
Fire,Low,San Francisco,1840,0,1,0,0,2521,5837,149,91
Landslide,High,Delhi,3258,1,1,1,1,828,7131,997,64
Landslide,Low,Jakarta,1261,0,1,1,1,3874,4485,546,110
Landslide,Medium,Kathmandu,5305,1,0,1,1,527,3028,763,69
Cyclone,Extreme,Jakarta,1268,1,1,1,0,1704,3804,339,12
Fire,Low,Bangkok,980,1,1,1,0,4394,6867,504,86
Fire,Severe,Kathmandu,543,1,1,1,0,454,5662,456,124
Landslide,High,Kathmandu,3924,1,1,1,1,4840,2715,609,80
Fire,High,Delhi,2359,0,0,1,1,324,7439,193,141
Flood,High,Jakarta,3657,0,0,1,1,2667,6220,461,114
Cyclone,High,Kathmandu,4523,1,0,0,1,1016,4667,335,60
Landslide,Severe,Delhi,3537,1,0,1,0,532,3831,375,121
Cyclone,Medium,San Francisco,2219,0,1,1,1,727,1431,879,117
Flood,Medium,Izmir,3038,1,0,1,0,4018,8932,375,12
Landslide,Medium,Hyderabad,2540,1,0,0,0,4639,3649,245,35
Fire,High,Kolkata,3478,1,0,1,1,2747,8013,958,110
Cyclone,High,Hyderabad,5792,1,1,1,1,2894,6103,438,134
Fire,High,San Francisco,806,0,1,0,1,1662,2802,412,136
Flood,Severe,Izmir,3609,1,1,1,1,2486,2250,848,144
Earthquake,Extreme,Hyderabad,2004,0,1,0,0,1674,2609,995,128
Earthquake,High,Jakarta,3170,0,1,1,1,4051,5961,435,118
Flood,High,Kolkata,4290,1,1,1,1,763,2898,319,19
Flood,Low,Izmir,4753,0,1,1,0,4567,1193,390,11
Cyclone,Medium,Bangkok,977,1,1,1,1,1061,7554,563,33
Landslide,Extreme,San Francisco,2189,1,1,1,1,1616,7830,813,124
Earthquake,High,Bangkok,1060,0,0,0,1,2212,2564,580,50
Landslide,Extreme,Chennai,507,0,1,0,1,2891,3215,399,147
Landslide,Extreme,Delhi,1160,0,1,0,0,1015,7622,593,140
Earthquake,Severe,Delhi,4037,1,1,1,1,2197,7064,352,32
Cyclone,Medium,Delhi,5367,1,1,1,1,1564,4424,819,137
Earthquake,Severe,Jakarta,5853,1,1,1,0,3138,2366,495,38
Earthquake,Extreme,Hyderabad,560,1,0,0,0,4247,7309,322,30
Earthquake,High,Bangkok,5044,1,0,0,1,1061,3885,105,24
Landslide,High,Mumbai,4159,1,1,1,0,1825,1460,674,34
Landslide,Severe,Mumbai,1958,1,0,0,0,1519,4928,165,48
Cyclone,Extreme,Jakarta,5173,1,1,1,0,3814,6892,607,93
Earthquake,Low,San Francisco,2101,1,0,0,1,4714,1810,632,107
Earthquake,Extreme,Delhi,2250,1,1,1,1,2876,4727,344,123
Earthquake,Severe,Kolkata,2441,1,1,1,1,3448,8633,300,15
Fire,Medium,Mumbai,1319,0,1,0,1,4118,1031,477,98
Cyclone,Low,San Francisco,727,1,1,1,1,3181,3565,605,25
Fire,High,Kathmandu,4762,1,0,0,1,702,8689,488,121
Cyclone,Low,Hyderabad,3539,0,1,0,1,1737,7732,140,109
Earthquake,Extreme,Jakarta,5799,1,0,1,1,641,964,172,147
Landslide,High,San Francisco,5241,1,1,1,1,1436,7744,457,132
Flood,High,Chennai,3568,1,1,1,1,2479,5667,714,57
Cyclone,Medium,Kathmandu,2455,1,1,1,1,4977,2918,445,25
Flood,Low,Delhi,1745,0,1,1,1,353,1142,912,77
Cyclone,Severe,Delhi,5236,1,1,1,1,1331,1262,570,94
Flood,High,Chennai,1616,1,1,1,1,2208,1991,496,129
Earthquake,Severe,San Francisco,5935,0,1,1,1,1629,8672,289,127
Cyclone,High,Chennai,2565,1,1,1,1,1488,6344,281,99
Flood,Medium,Bangkok,4211,0,1,1,0,3122,8691,159,21
Cyclone,Medium,Jakarta,5936,1,0,0,0,869,2673,625,16
Earthquake,High,Delhi,1757,0,1,0,0,358,6070,926,95
Landslide,Low,Jakarta,2606,1,0,1,1,1409,7629,306,90
Landslide,High,Jakarta,984,1,0,1,0,1102,2415,971,27
Earthquake,Low,Izmir,2170,0,1,1,0,4915,1851,452,65
Fire,Severe,Chennai,2994,1,1,0,0,4981,3207,995,110
Earthquake,High,Bangkok,1552,1,1,1,1,1013,7960,920,109
Flood,Low,Mumbai,5536,1,1,1,1,4018,6475,98,143
Fire,Extreme,San Francisco,4479,1,1,0,0,3829,2255,641,101
Fire,Severe,San Francisco,3227,1,1,1,1,4180,6632,950,115
Landslide,Severe,Mumbai,4383,0,0,1,0,961,8673,322,28
Earthquake,High,Kathmandu,4237,1,1,1,1,4197,2869,331,96
Earthquake,Severe,Hyderabad,4044,1,1,0,1,4777,771,600,119
Landslide,Severe,Jakarta,539,0,0,0,1,1682,6073,660,118
Fire,High,Mumbai,2765,0,0,1,1,2966,1515,764,126
Fire,Medium,Jakarta,1921,1,0,0,0,4212,955,160,21
Flood,Extreme,Kolkata,1070,1,1,1,1,2027,6292,479,89
Earthquake,Severe,Kolkata,5532,0,1,1,0,4743,7569,514,74
Flood,Medium,Chennai,1765,1,0,0,0,4553,2974,502,81
Cyclone,Severe,Mumbai,5329,1,0,1,1,2250,8983,101,101
Cyclone,Extreme,Kolkata,779,1,1,1,1,1918,6596,191,111
Landslide,Extreme,Kolkata,5789,1,1,1,1,2722,4328,460,23
Landslide,Extreme,Kathmandu,4121,0,1,1,1,3756,6015,834,53
Fire,Medium,Hyderabad,2546,1,1,0,1,3115,3979,210,105
Earthquake,Severe,Izmir,1574,1,0,0,1,2214,1288,239,10
Landslide,Low,Izmir,2579,0,0,0,1,3352,7483,846,71
Fire,Low,San Francisco,2224,0,1,1,1,3084,5737,221,145
Earthquake,Low,Chennai,1980,1,1,1,1,1379,4298,776,67
Landslide,Extreme,Izmir,3050,1,1,1,0,4153,2992,557,62
Cyclone,Low,Kathmandu,511,1,1,0,1,3976,6809,809,31
Landslide,Extreme,Delhi,523,0,0,0,1,975,7368,426,110
Earthquake,Severe,Hyderabad,2919,1,1,1,0,3795,1456,556,135
Landslide,Low,Bangkok,1972,0,1,1,1,558,4775,386,88
Landslide,High,Kolkata,1424,1,0,1,1,1084,6391,485,134
Cyclone,Medium,Bangkok,568,0,0,0,1,2728,6900,356,91
Landslide,High,Bangkok,3096,1,1,1,0,1778,6827,87,13
Flood,Extreme,Chennai,3492,0,0,0,1,4950,5226,683,70
Earthquake,Severe,Mumbai,2443,0,1,1,0,1215,7552,565,39
Fire,Severe,Mumbai,2818,1,1,1,1,3385,7847,543,24
Landslide,Low,Jakarta,551,1,1,0,0,618,6388,199,61
Earthquake,Severe,Jakarta,3192,1,1,0,1,3318,7575,415,50
Cyclone,Medium,Jakarta,2233,1,0,0,1,3670,7600,929,117
Cyclone,High,Delhi,3159,0,0,0,1,555,2202,640,72
Flood,Extreme,Chennai,1222,1,1,0,1,1582,1313,339,97
Cyclone,High,Jakarta,1716,0,1,1,1,4782,6314,873,35
Fire,Low,Kolkata,4994,1,0,1,1,2214,4900,775,83
Landslide,Extreme,Mumbai,2293,1,1,1,1,3518,8825,541,81
Landslide,Extreme,Mumbai,4655,1,0,1,0,519,3311,651,43
